,Thermal Distress,Launch Temperature(prediction),Leak-Check Pressure
0,0.0,74.8377261827232,200.0
1,0.0,67.549443639682,200.0
2,1.0,75.64062863038292,50.0
3,0.0,57.870090243785995,200.0
4,1.0,66.88540553276958,200.0
5,0.0,65.0694921401917,200.0
6,0.0,70.59291813229771,200.0
