,Thermal Distress,Launch Temperature(prediction),Leak-Check Pressure
0,0.0,55.1366321024708,200.0
1,0.0,74.16179670366763,50.0
2,0.0,73.4028109252586,50.0
3,0.0,54.97282104664382,200.0
4,0.0,80.93897242745462,200.0
5,0.0,62.6365056923147,200.0
6,0.0,72.39324647385354,50.0
