,Thermal Distress,Launch Temperature,Leak-Check Pressure(prediction)
0,0.0,75.0,210.52555218209085
1,0.0,67.0,56.762693932552025
2,1.0,70.0,68.98574744446368
3,0.0,67.0,156.5221884884209
4,1.0,58.0,89.55576015512509
5,0.0,78.0,201.6892529039169
6,0.0,79.0,197.9213554657208
