,Thermal Distress,Launch Temperature(prediction),Leak-Check Pressure
0,0.0,76.47526379148232,200.0
1,0.0,76.47636189002161,200.0
2,1.0,68.68694508152329,50.0
3,0.0,76.47000211642575,200.0
4,1.0,64.0426310400997,200.0
5,0.0,76.4763827753122,200.0
6,0.0,76.47248677540624,200.0
