,Thermal Distress,Launch Temperature,Leak-Check Pressure(prediction)
0,0.0,75.0,107.82413078294026
1,0.0,67.0,187.2708856782394
2,1.0,70.0,111.166715334005
3,0.0,67.0,77.35229132712122
4,1.0,58.0,156.84592231021722
5,0.0,78.0,114.65799360816978
6,0.0,79.0,90.52647936734238
