,Thermal Distress,Launch Temperature(prediction),Leak-Check Pressure
0,0.0,76.47526379148232,200.0
1,0.0,70.14478558340538,50.0
2,0.0,70.1808978784465,50.0
3,0.0,76.47000211642575,200.0
4,0.0,76.46476213062779,200.0
5,0.0,76.4763827753122,200.0
6,0.0,70.1072144291734,50.0
