,Thermal Distress,Launch Temperature,Leak-Check Pressure(prediction)
0,0.0,75.0,159.05056490282342
1,0.0,67.0,162.30129302562392
2,1.0,70.0,162.69445917210433
3,0.0,67.0,76.08976916313928
4,1.0,58.0,160.82013014561807
5,0.0,78.0,151.58447738554008
6,0.0,79.0,144.24777570873772
