,Thermal Distress,Launch Temperature,Leak-Check Pressure(prediction)
0,0.0,70.0,159.05056490282342
1,0.0,69.0,127.94344806972501
2,0.0,68.0,167.85692319386578
3,0.0,76.0,68.96307908961427
4,0.0,67.0,124.38610106840845
5,0.0,76.0,192.5672986417047
6,0.0,67.0,163.5750582897296
