,Thermal Distress,Launch Temperature,Leak-Check Pressure(prediction)
0,0.0,70.0,203.07117798126552
1,0.0,69.0,186.81969283415543
2,0.0,68.0,152.0872699478431
3,0.0,76.0,208.13956698176818
4,0.0,67.0,50.14715178674538
5,0.0,76.0,208.1340511558007
6,0.0,67.0,51.72403607077496
