,Thermal Distress,Launch Temperature,Leak-Check Pressure(prediction)
0,0.0,70.0,125.16806954899069
1,0.0,69.0,162.30129302562392
2,0.0,68.0,105.70106847472888
3,0.0,76.0,60.56868417844905
4,0.0,67.0,155.33465255387873
5,0.0,76.0,131.36855549510406
6,0.0,67.0,67.4814291202294
