,Thermal Distress,Launch Temperature(prediction),Leak-Check Pressure
0,0.0,74.8377261827232,200.0
1,0.0,73.9629080314498,50.0
2,0.0,73.4028109252586,50.0
3,0.0,57.870090243785995,200.0
4,0.0,64.03548814924626,200.0
5,0.0,65.0694921401917,200.0
6,0.0,53.32182006654466,50.0
