,Thermal Distress,Launch Temperature,Leak-Check Pressure(prediction)
0,0.0,70.0,150.77539454460674
1,0.0,69.0,169.89695618847796
2,0.0,68.0,196.13137432136824
3,0.0,76.0,201.0187082451121
4,0.0,67.0,53.23079481171152
5,0.0,76.0,201.04442950074383
6,0.0,67.0,51.72403607077496
