,Thermal Distress,Launch Temperature,Leak-Check Pressure(prediction)
0,0.0,75.0,203.1870760864325
1,0.0,67.0,56.762693932552025
2,1.0,70.0,131.74418418743306
3,0.0,67.0,59.975073758015554
4,1.0,58.0,200.79354519306816
5,0.0,78.0,196.68785784317973
6,0.0,79.0,194.54886875857508
