,Thermal Distress,Launch Temperature(prediction),Leak-Check Pressure
0,0.0,78.4418271686816,200.0
1,0.0,78.44785157300913,200.0
2,1.0,71.24545749578188,50.0
3,0.0,69.7438808962816,200.0
4,1.0,72.759888576697,200.0
5,0.0,69.69041553112235,200.0
6,0.0,69.76380441404734,200.0
