,Thermal Distress,Launch Temperature(prediction),Leak-Check Pressure
0,0.0,78.4418271686816,200.0
1,0.0,65.8994910248442,50.0
2,0.0,68.81367134619222,50.0
3,0.0,69.7438808962816,200.0
4,0.0,69.74109510778027,200.0
5,0.0,69.69041553112235,200.0
6,0.0,68.79576271257231,50.0
