,Thermal Distress,Launch Temperature(prediction),Leak-Check Pressure
0,0.0,55.1366321024708,200.0
1,0.0,73.9629080314498,200.0
2,1.0,56.6125128845287,50.0
3,0.0,54.97282104664382,200.0
4,1.0,61.91808193722116,200.0
5,0.0,62.6365056923147,200.0
6,0.0,73.91260382084904,200.0
