,Thermal Distress,Launch Temperature,Temporal Order of Flight
0,0.0,70.0,17.0
1,0.0,69.0,3.0
2,0.0,68.0,4.000000000000001
3,0.0,76.0,22.0
4,0.0,67.0,13.0
5,0.0,76.0,19.0
6,0.0,67.0,4.999999999999999
