,Thermal Distress,Leak-Check Pressure,Temporal Order of Flight
0,0.0,200.0,17.0
1,0.0,50.0,3.0
2,0.0,50.0,4.000000000000001
3,0.0,200.0,22.0
4,0.0,200.0,13.0
5,0.0,200.0,19.0
6,0.0,50.0,4.999999999999999
